{"problem": "Gnp", "train-size": 1000, "attention-depth": 1, "graph-depth": 2, "n_estimators": 30, "learning_rate": 0.1, "L2-train": 0.083, "AUC-train": 0.9167870043321559, "L2-test": 0.151, "AUC_test": 0.8469552822089819, "_runtime": 119, "_timestamp": 1632214610, "_step": 6, "_wandb": {"runtime": 118}}