{"problem": "BA one", "train-size": 1000, "attention-depth": 0, "graph-depth": 1, "n_estimators": 30, "learning_rate": 0.1, "L2-train": 0.234, "AUC-train": 0.7658510634042537, "L2-test": 0.287, "AUC_test": 0.7147058823529413, "_runtime": 200, "_timestamp": 1632248565, "_step": 6, "_wandb": {"runtime": 198}}