{"problem": "Gnp", "train-size": 1000, "attention-depth": 1, "graph-depth": 1, "n_estimators": 30, "learning_rate": 0.1, "L2-train": 0.096, "AUC-train": 0.9038285378273618, "L2-test": 0.142, "AUC_test": 0.8563809340764943, "_runtime": 102, "_timestamp": 1632214485, "_step": 6, "_wandb": {"runtime": 100}}