{"problem": "BA max", "train-size": 1000, "attention-depth": 1, "graph-depth": 2, "n_estimators": 30, "learning_rate": 0.1, "L2-train": 0.016, "AUC-train": 0.9839514222512009, "L2-test": 0.052, "AUC_test": 0.9491047885085427, "_runtime": 349, "_timestamp": 1632245555, "_step": 6, "_wandb": {"runtime": 348}}