{"problem": "Gnp2", "train-size": 1000, "attention-depth": 0, "graph-depth": 0, "n_estimators": 30, "learning_rate": 0.1, "L2-train": 0.465, "AUC-train": 0.5323131632738779, "L2-test": 0.501, "AUC_test": 0.4981479925919704, "_runtime": 129, "_timestamp": 1632212234, "_step": 6, "_wandb": {"runtime": 127}}