{"problem": "BA max", "train-size": 1000, "attention-depth": 1, "graph-depth": 0, "n_estimators": 30, "learning_rate": 0.1, "L2-train": 0.093, "AUC-train": 0.9068466464792733, "L2-test": 0.103, "AUC_test": 0.899853105848073, "_runtime": 285, "_timestamp": 1632244888, "_step": 6, "_wandb": {"runtime": 284}}