{"problem": "Gnp2", "train-size": 1000, "attention-depth": 0, "graph-depth": 2, "n_estimators": 30, "learning_rate": 0.1, "L2-train": 0.036, "AUC-train": 0.9637946966090779, "L2-test": 0.068, "AUC_test": 0.9319037276149104, "_runtime": 111, "_timestamp": 1632212467, "_step": 6, "_wandb": {"runtime": 109}}