{"problem": "BA max", "train-size": 1000, "attention-depth": 0, "graph-depth": 1, "n_estimators": 30, "learning_rate": 0.1, "L2-train": 0.018, "AUC-train": 0.9819273493845779, "L2-test": 0.042, "AUC_test": 0.9592549335966191, "_runtime": 189, "_timestamp": 1632244382, "_step": 6, "_wandb": {"runtime": 188}}