{"problem": "BA max", "train-size": 1000, "attention-depth": 0, "graph-depth": 2, "n_estimators": 30, "learning_rate": 0.1, "L2-train": 0.016, "AUC-train": 0.9839394218191856, "L2-test": 0.037, "AUC_test": 0.9642136145995128, "_runtime": 209, "_timestamp": 1632244597, "_step": 6, "_wandb": {"runtime": 208}}