{"problem": "BA one", "train-size": 1000, "attention-depth": 0, "graph-depth": 2, "n_estimators": 30, "learning_rate": 0.1, "L2-train": 0.227, "AUC-train": 0.7728410913643655, "L2-test": 0.291, "AUC_test": 0.7106642657062825, "_runtime": 241, "_timestamp": 1632248810, "_step": 6, "_wandb": {"runtime": 240}}