{"problem": "BA max", "train-size": 1000, "attention-depth": 2, "graph-depth": 1, "n_estimators": 30, "learning_rate": 0.1, "L2-train": 0.016, "AUC-train": 0.9839514222512009, "L2-test": 0.045, "AUC_test": 0.9558374371385341, "_runtime": 341, "_timestamp": 1632246193, "_step": 6, "_wandb": {"runtime": 339}}