{"problem": "Gnp2", "train-size": 1000, "attention-depth": 1, "graph-depth": 1, "n_estimators": 30, "learning_rate": 0.1, "L2-train": 0.001, "AUC-train": 0.9989939637826961, "L2-test": 0.013, "AUC_test": 0.9869739478957915, "_runtime": 552, "_timestamp": 1632211384, "_step": 27, "_wandb": {"runtime": 550}}