{"problem": "Gnp2", "train-size": 1000, "attention-depth": 0, "graph-depth": 1, "n_estimators": 30, "learning_rate": 0.1, "L2-train": 0.084, "AUC-train": 0.9157089655227588, "L2-test": 0.1, "AUC_test": 0.8998995995983984, "_runtime": 110, "_timestamp": 1632212350, "_step": 6, "_wandb": {"runtime": 109}}