{"problem": "Gnp2", "train-size": 1000, "attention-depth": 1, "graph-depth": 0, "n_estimators": 30, "learning_rate": 0.1, "L2-train": 0.013, "AUC-train": 0.9869215291750504, "L2-test": 0.021, "AUC_test": 0.9789579158316633, "_runtime": 174, "_timestamp": 1632212646, "_step": 6, "_wandb": {"runtime": 173}}